left_eye_img,x_coord
802-0.jpg,365
36-0.jpg,0
490-0.jpg,1216
522-0.jpg,403
847-0.jpg,1193
1281-0.jpg,372
1080-0.jpg,1290
1451-0.jpg,182
1886-0.jpg,773
1414-0.jpg,1389
1339-0.jpg,1222
729-0.jpg,1112
1180-0.jpg,1090
1503-0.jpg,1669
1636-0.jpg,806
89-0.jpg,1498
791-0.jpg,501
340-0.jpg,499
305-0.jpg,923
1750-0.jpg,727
281-0.jpg,604
1381-0.jpg,89
1715-0.jpg,925
1038-0.jpg,0
349-0.jpg,725
428-0.jpg,400
1557-0.jpg,416
1608-0.jpg,746
1757-0.jpg,752
218-0.jpg,964
1626-0.jpg,175
535-0.jpg,1407
570-0.jpg,1595
1125-0.jpg,279
1966-0.jpg,10
1160-0.jpg,709
603-0.jpg,858
1923-0.jpg,1375
1509-0.jpg,1344
119-0.jpg,1585
38-0.jpg,2
634-0.jpg,901
849-0.jpg,1363
671-0.jpg,1662
130-0.jpg,1409
1224-0.jpg,1172
1881-0.jpg,1034
1261-0.jpg,89
538-0.jpg,1145
1534-0.jpg,0
1159-0.jpg,709
361-0.jpg,524
805-0.jpg,363
1571-0.jpg,1040
124-0.jpg,1389
1927-0.jpg,1616
161-0.jpg,1052
2-0.jpg,1358
1694-0.jpg,2
549-0.jpg,110
33-0.jpg,0
1153-0.jpg,501
76-0.jpg,929
609-0.jpg,222
1219-0.jpg,1322
100-0.jpg,1669
1635-0.jpg,719
1596-0.jpg,1212
814-0.jpg,259
1670-0.jpg,1257
1013-0.jpg,984
225-0.jpg,1169
260-0.jpg,785
1906-0.jpg,242
282-0.jpg,650
508-0.jpg,150
1401-0.jpg,1030
1707-0.jpg,508
1701-0.jpg,285
1118-0.jpg,450
338-0.jpg,474
1146-0.jpg,315
850-0.jpg,1464
1442-0.jpg,635
1728-0.jpg,1607
1436-0.jpg,1013
1710-0.jpg,682
1803-0.jpg,0
1302-0.jpg,985
1777-0.jpg,0
1040-0.jpg,184
828-0.jpg,150
1491-0.jpg,1128
1846-0.jpg,1480
1005-0.jpg,1287
450-0.jpg,257
670-0.jpg,1659
1940-0.jpg,775
415-0.jpg,98
1888-0.jpg,655
59-0.jpg,229
1429-0.jpg,1353
1303-0.jpg,1045
1073-0.jpg,1410
1790-0.jpg,0
1341-0.jpg,1183
1304-0.jpg,1068
751-0.jpg,830
380-0.jpg,265
714-0.jpg,1175
1300-0.jpg,938
569-0.jpg,1437
526-0.jpg,818
332-0.jpg,371
1179-0.jpg,1032
188-0.jpg,1350
1611-0.jpg,616
1967-0.jpg,0
64-0.jpg,440
1654-0.jpg,1670
1285-0.jpg,517
1378-0.jpg,0
201-0.jpg,982
556-0.jpg,469
695-0.jpg,1316
244-0.jpg,1118
17-0.jpg,693
668-0.jpg,1660
52-0.jpg,7
1278-0.jpg,316
1345-0.jpg,1033
618-0.jpg,905
1982-0.jpg,705
141-0.jpg,1475
1510-0.jpg,1170
1184-0.jpg,1183
1555-0.jpg,322
644-0.jpg,44
1117-0.jpg,505
1150-0.jpg,415
145-0.jpg,1363
594-0.jpg,1393
1365-0.jpg,423
1392-0.jpg,631
1498-0.jpg,1418
1320-0.jpg,1535
775-0.jpg,613
2013-0.jpg,768
1925-0.jpg,1502
730-0.jpg,1017
489-0.jpg,1260
537-0.jpg,1229
65-0.jpg,456
1448-0.jpg,370
1099-0.jpg,909
1827-0.jpg,520
1064-0.jpg,1582
1862-0.jpg,1669
1011-0.jpg,1029
1021-0.jpg,731
418-0.jpg,191
1091-0.jpg,1107
815-0.jpg,265
474-0.jpg,909
459-0.jpg,82
431-0.jpg,294
359-0.jpg,577
1533-0.jpg,0
788-0.jpg,510
348-0.jpg,723
171-0.jpg,1399
1398-0.jpg,868
9-0.jpg,1139
1637-0.jpg,836
470-0.jpg,574
1749-0.jpg,728
335-0.jpg,412
477-0.jpg,1225
1488-0.jpg,1001
1059-0.jpg,1571
1621-0.jpg,87
449-0.jpg,237
1499-0.jpg,1497
364-0.jpg,419
321-0.jpg,556
822-0.jpg,171
475-0.jpg,989
1774-0.jpg,24
1731-0.jpg,1672
513-0.jpg,587
1358-0.jpg,650
1789-0.jpg,0
399-0.jpg,320
578-0.jpg,795
748-0.jpg,847
826-0.jpg,159
1475-0.jpg,601
140-0.jpg,1515
1430-0.jpg,1321
610-0.jpg,99
153-0.jpg,1161
655-0.jpg,756
284-0.jpg,706
1652-0.jpg,1663
1527-0.jpg,0
704-0.jpg,1202
1200-0.jpg,1679
1186-0.jpg,1249
1245-0.jpg,530
1568-0.jpg,897
1600-0.jpg,1048
178-0.jpg,1624
1354-0.jpg,714
636-0.jpg,687
511-0.jpg,445
185-0.jpg,1466
554-0.jpg,615
1101-0.jpg,905
807-0.jpg,283
1942-0.jpg,701
1144-0.jpg,187
1907-0.jpg,337
1595-0.jpg,1242
1505-0.jpg,1661
1669-0.jpg,1290
482-0.jpg,1637
1896-0.jpg,147
279-0.jpg,560
1891-0.jpg,456
1549-0.jpg,60
92-0.jpg,1650
824-0.jpg,162
572-0.jpg,1432
44-0.jpg,0
691-0.jpg,1316
134-0.jpg,1578
1477-0.jpg,662
1432-0.jpg,1231
1917-0.jpg,972
331-0.jpg,341
1046-0.jpg,713
366-0.jpg,371
13-0.jpg,880
323-0.jpg,524
1776-0.jpg,0
1733-0.jpg,1543
1349-0.jpg,859
1039-0.jpg,105
83-0.jpg,1221
412-0.jpg,44
1818-0.jpg,2
224-0.jpg,1133
796-0.jpg,386
1259-0.jpg,140
120-0.jpg,1529
1964-0.jpg,68
1166-0.jpg,800
90-0.jpg,1545
1158-0.jpg,676
1347-0.jpg,946
187-0.jpg,1401
202-0.jpg,940
1103-0.jpg,823
1686-0.jpg,412
1905-0.jpg,216
483-0.jpg,1554
1597-0.jpg,1202
737-0.jpg,979
1243-0.jpg,623
1526-0.jpg,0
311-0.jpg,779
1989-0.jpg,1179
612-0.jpg,77
657-0.jpg,934
286-0.jpg,758
28-0.jpg,179
1052-0.jpg,1124
263-0.jpg,692
1202-0.jpg,1633
1696-0.jpg,43
658-0.jpg,1034
1247-0.jpg,476
1980-0.jpg,604
1512-0.jpg,1041
1490-0.jpg,1079
102-0.jpg,1668
147-0.jpg,1305
596-0.jpg,1635
15-0.jpg,812
1377-0.jpg,23
50-0.jpg,1
742-0.jpg,877
718-0.jpg,1105
1466-0.jpg,266
765-0.jpg,677
1613-0.jpg,540
1649-0.jpg,1566
1664-0.jpg,1504
1656-0.jpg,1666
1287-0.jpg,557
1290-0.jpg,665
226-0.jpg,1192
203-0.jpg,931
1336-0.jpg,1337
604-0.jpg,709
697-0.jpg,1314
246-0.jpg,1074
1832-0.jpg,764
1938-0.jpg,901
649-0.jpg,248
110-0.jpg,1666
443-0.jpg,42
1898-0.jpg,41
300-0.jpg,1110
1293-0.jpg,720
1825-0.jpg,423
1066-0.jpg,1555
1860-0.jpg,1666
1023-0.jpg,669
476-0.jpg,1048
1622-0.jpg,17
1075-0.jpg,1379
433-0.jpg,208
593-0.jpg,1265
845-0.jpg,998
504-0.jpg,230
819-0.jpg,253
1998-0.jpg,1653
1367-0.jpg,363
1322-0.jpg,1627
777-0.jpg,606
2011-0.jpg,885
1311-0.jpg,1297
732-0.jpg,993
1618-0.jpg,243
1004-0.jpg,1326
1959-0.jpg,308
1155-0.jpg,565
1236-0.jpg,809
1672-0.jpg,1137
357-0.jpg,621
227-0.jpg,1220
2020-0.jpg,844
262-0.jpg,740
43-0.jpg,3
31-0.jpg,89
797-0.jpg,377
74-0.jpg,849
413-0.jpg,60
1536-0.jpg,0
2021-0.jpg,959
1645-0.jpg,1325
24-0.jpg,357
1573-0.jpg,1151
126-0.jpg,1297
800-0.jpg,363
163-0.jpg,1094
336-0.jpg,439
1792-0.jpg,0
1343-0.jpg,1106
1306-0.jpg,1134
753-0.jpg,744
1486-0.jpg,926
382-0.jpg,353
716-0.jpg,1183
1070-0.jpg,1477
1801-0.jpg,0
1955-0.jpg,580
1042-0.jpg,348
629-0.jpg,1267
1493-0.jpg,1209
1712-0.jpg,775
1844-0.jpg,1364
1007-0.jpg,1203
1764-0.jpg,448
585-0.jpg,77
452-0.jpg,163
417-0.jpg,144
183-0.jpg,1553
312-0.jpg,776
1879-0.jpg,1172
1610-0.jpg,665
1006-0.jpg,1236
793-0.jpg,412
342-0.jpg,537
762-0.jpg,737
80-0.jpg,1096
666-0.jpg,1669
307-0.jpg,876
1716-0.jpg,971
1443-0.jpg,605
1752-0.jpg,675
1383-0.jpg,197
1717-0.jpg,1011
253-0.jpg,935
1009-0.jpg,1090
1234-0.jpg,859
2008-0.jpg,1081
492-0.jpg,1049
545-0.jpg,318
1082-0.jpg,1281
1640-0.jpg,1053
1453-0.jpg,116
1884-0.jpg,898
590-0.jpg,817
1416-0.jpg,1477
1029-0.jpg,288
49-0.jpg,3
673-0.jpg,1640
1226-0.jpg,1135
1263-0.jpg,19
1847-0.jpg,1481
1999-0.jpg,1650
1538-0.jpg,5
1834-0.jpg,856
1494-0.jpg,1220
1747-0.jpg,782
1127-0.jpg,241
1162-0.jpg,732
1921-0.jpg,1263
473-0.jpg,798
548-0.jpg,16
575-0.jpg,1097
1209-0.jpg,1511
1730-0.jpg,1679
1805-0.jpg,0
1497-0.jpg,1388
1840-0.jpg,1152
1003-0.jpg,1341
302-0.jpg,1054
456-0.jpg,6
104-0.jpg,1668
265-0.jpg,661
1362-0.jpg,548
1282-0.jpg,422
144-0.jpg,1390
1796-0.jpg,0
1340-0.jpg,1195
757-0.jpg,741
181-0.jpg,1643
1646-0.jpg,1437
386-0.jpg,439
712-0.jpg,1183
156-0.jpg,1101
2025-0.jpg,1269
1406-0.jpg,1181
839-0.jpg,446
1994-0.jpg,1447
35-0.jpg,2
182-0.jpg,1574
70-0.jpg,700
1700-0.jpg,222
56-0.jpg,123
1639-0.jpg,957
1532-0.jpg,0
1632-0.jpg,588
1577-0.jpg,1376
1531-0.jpg,0
122-0.jpg,1468
1836-0.jpg,948
167-0.jpg,1230
368-0.jpg,338
1363-0.jpg,507
1116-0.jpg,528
297-0.jpg,1041
242-0.jpg,1163
1187-0.jpg,1339
1918-0.jpg,1045
1653-0.jpg,1674
1210-0.jpg,1503
1633-0.jpg,612
1124-0.jpg,338
1676-0.jpg,916
1309-0.jpg,1217
1002-0.jpg,1341
223-0.jpg,1108
1837-0.jpg,1021
1214-0.jpg,1411
266-0.jpg,634
533-0.jpg,1412
576-0.jpg,1013
1123-0.jpg,340
1960-0.jpg,252
1616-0.jpg,341
1873-0.jpg,1480
641-0.jpg,308
37-0.jpg,2
632-0.jpg,1038
750-0.jpg,835
677-0.jpg,1412
1871-0.jpg,1563
1460-0.jpg,71
1222-0.jpg,1252
252-0.jpg,945
642-0.jpg,177
1413-0.jpg,1339
1267-0.jpg,8
341-0.jpg,513
1417-0.jpg,1504
1156-0.jpg,605
1256-0.jpg,221
600-0.jpg,1335
1782-0.jpg,0
1746-0.jpg,879
804-0.jpg,363
496-0.jpg,851
841-0.jpg,669
1086-0.jpg,1204
137-0.jpg,1663
1457-0.jpg,0
1880-0.jpg,1142
2024-0.jpg,1121
1876-0.jpg,1370
1412-0.jpg,1301
770-0.jpg,631
1996-0.jpg,1568
755-0.jpg,740
1838-0.jpg,1044
269-0.jpg,550
605-0.jpg,605
1852-0.jpg,1666
346-0.jpg,666
250-0.jpg,987
303-0.jpg,1002
1756-0.jpg,744
1387-0.jpg,392
567-0.jpg,1168
1713-0.jpg,805
1203-0.jpg,1631
1853-0.jpg,1667
233-0.jpg,1370
2009-0.jpg,1007
616-0.jpg,613
1216-0.jpg,1385
69-0.jpg,604
1689-0.jpg,250
653-0.jpg,568
1201-0.jpg,1653
1206-0.jpg,1570
1692-0.jpg,86
1060-0.jpg,1627
1988-0.jpg,1067
94-0.jpg,1675
384-0.jpg,395
358-0.jpg,601
687-0.jpg,1388
517-0.jpg,40
287-0.jpg,768
745-0.jpg,853
552-0.jpg,427
540-0.jpg,918
1107-0.jpg,727
1944-0.jpg,607
1142-0.jpg,123
1901-0.jpg,7
1593-0.jpg,1339
362-0.jpg,478
683-0.jpg,1406
1785-0.jpg,0
577-0.jpg,890
327-0.jpg,408
1772-0.jpg,110
1049-0.jpg,889
510-0.jpg,348
1737-0.jpg,1269
1859-0.jpg,1662
566-0.jpg,1044
174-0.jpg,1482
1941-0.jpg,766
1673-0.jpg,1120
820-0.jpg,201
1984-0.jpg,832
725-0.jpg,1112
1473-0.jpg,519
23-0.jpg,412
334-0.jpg,405
1337-0.jpg,1289
2028-0.jpg,1422
1899-0.jpg,3
143-0.jpg,1423
1667-0.jpg,1364
1851-0.jpg,1670
1326-0.jpg,1679
1732-0.jpg,1629
773-0.jpg,620
2015-0.jpg,573
736-0.jpg,979
1587-0.jpg,1554
1841-0.jpg,1212
2027-0.jpg,1379
1821-0.jpg,226
1062-0.jpg,1659
1547-0.jpg,12
1864-0.jpg,1666
1027-0.jpg,468
1559-0.jpg,510
1501-0.jpg,1599
191-0.jpg,1271
472-0.jpg,744
351-0.jpg,783
437-0.jpg,87
1617-0.jpg,311
1096-0.jpg,989
1283-0.jpg,467
207-0.jpg,806
693-0.jpg,1320
1467-0.jpg,301
315-0.jpg,693
481-0.jpg,1653
1828-0.jpg,604
1900-0.jpg,6
1979-0.jpg,516
1893-0.jpg,331
1516-0.jpg,720
1542-0.jpg,6
678-0.jpg,1405
1182-0.jpg,1134
1704-0.jpg,403
1553-0.jpg,238
106-0.jpg,1666
468-0.jpg,477
592-0.jpg,1117
11-0.jpg,995
54-0.jpg,0
1992-0.jpg,1337
1097-0.jpg,986
1823-0.jpg,343
373-0.jpg,224
215-0.jpg,908
1866-0.jpg,1666
1025-0.jpg,539
1296-0.jpg,788
1313-0.jpg,1330
277-0.jpg,529
1088-0.jpg,1177
435-0.jpg,150
318-0.jpg,616
1015-0.jpg,929
1708-0.jpg,599
516-0.jpg,163
488-0.jpg,1332
1357-0.jpg,650
1361-0.jpg,576
115-0.jpg,1553
1324-0.jpg,1679
1404-0.jpg,1127
771-0.jpg,631
2017-0.jpg,571
1149-0.jpg,415
734-0.jpg,982
193-0.jpg,1214
543-0.jpg,517
1071-0.jpg,1477
1409-0.jpg,1226
1248-0.jpg,438
1225-0.jpg,1172
696-0.jpg,1316
821-0.jpg,183
436-0.jpg,148
1239-0.jpg,740
96-0.jpg,1675
1986-0.jpg,955
1514-0.jpg,885
1551-0.jpg,136
1420-0.jpg,1667
528-0.jpg,1013
1138-0.jpg,0
1419-0.jpg,1590
1615-0.jpg,450
465-0.jpg,252
1578-0.jpg,1427
1650-0.jpg,1642
1833-0.jpg,825
205-0.jpg,882
1575-0.jpg,1270
240-0.jpg,1212
1566-0.jpg,809
515-0.jpg,331
550-0.jpg,229
1105-0.jpg,819
1946-0.jpg,593
1140-0.jpg,71
560-0.jpg,32
1480-0.jpg,756
1903-0.jpg,98
1523-0.jpg,105
785-0.jpg,512
1591-0.jpg,1377
1307-0.jpg,1140
1628-0.jpg,338
34-0.jpg,0
1450-0.jpg,268
1977-0.jpg,379
809-0.jpg,274
238-0.jpg,1288
614-0.jpg,323
651-0.jpg,448
280-0.jpg,598
1204-0.jpg,1607
1690-0.jpg,248
1624-0.jpg,71
432-0.jpg,270
1241-0.jpg,681
1026-0.jpg,505
1529-0.jpg,0
139-0.jpg,1549
840-0.jpg,531
1319-0.jpg,1535
1657-0.jpg,1663
709-0.jpg,1183
1807-0.jpg,0
306-0.jpg,919
478-0.jpg,1386
1471-0.jpg,455
1434-0.jpg,1144
1018-0.jpg,830
283-0.jpg,668
1342-0.jpg,1106
116-0.jpg,1585
408-0.jpg,86
1735-0.jpg,1391
360-0.jpg,538
1421-0.jpg,1677
325-0.jpg,472
146-0.jpg,1323
1770-0.jpg,184
1520-0.jpg,415
1548-0.jpg,12
1199-0.jpg,1679
1037-0.jpg,26
136-0.jpg,1649
589-0.jpg,682
1786-0.jpg,0
1935-0.jpg,1092
158-0.jpg,1024
1366-0.jpg,422
829-0.jpg,147
630-0.jpg,1170
1665-0.jpg,1497
675-0.jpg,1522
405-0.jpg,146
1220-0.jpg,1291
1265-0.jpg,0
1298-0.jpg,884
1761-0.jpg,680
259-0.jpg,791
688-0.jpg,1387
1435-0.jpg,1068
531-0.jpg,1291
73-0.jpg,790
574-0.jpg,1217
1121-0.jpg,395
1962-0.jpg,151
1079-0.jpg,1304
1164-0.jpg,784
1910-0.jpg,483
1546-0.jpg,12
1682-0.jpg,631
795-0.jpg,386
344-0.jpg,596
301-0.jpg,1115
1754-0.jpg,706
1385-0.jpg,293
1711-0.jpg,692
801-0.jpg,365
1264-0.jpg,0
2014-0.jpg,633
1991-0.jpg,1295
469-0.jpg,536
806-0.jpg,307
494-0.jpg,941
843-0.jpg,800
1084-0.jpg,1219
451-0.jpg,183
1455-0.jpg,36
1882-0.jpg,1024
1410-0.jpg,1226
1045-0.jpg,580
713-0.jpg,1184
1308-0.jpg,1184
445-0.jpg,97
1683-0.jpg,576
1181-0.jpg,1090
768-0.jpg,648
1295-0.jpg,777
1468-0.jpg,328
1131-0.jpg,137
1323-0.jpg,1669
1794-0.jpg,0
1889-0.jpg,568
597-0.jpg,1670
16-0.jpg,733
710-0.jpg,1181
1393-0.jpg,636
379-0.jpg,229
1238-0.jpg,768
1769-0.jpg,275
1890-0.jpg,536
739-0.jpg,972
1044-0.jpg,514
1495-0.jpg,1296
1074-0.jpg,1379
1842-0.jpg,1257
1001-0.jpg,1354
1820-0.jpg,170
454-0.jpg,68
571-0.jpg,1607
1031-0.jpg,247
411-0.jpg,4
628-0.jpg,1360
1631-0.jpg,510
1674-0.jpg,1041
1688-0.jpg,334
221-0.jpg,1052
1218-0.jpg,1322
264-0.jpg,681
198-0.jpg,1053
1668-0.jpg,1339
1699-0.jpg,209
1912-0.jpg,642
1588-0.jpg,1505
1109-0.jpg,706
176-0.jpg,1548
1530-0.jpg,0
1016-0.jpg,899
738-0.jpg,974
165-0.jpg,1154
1173-0.jpg,810
299-0.jpg,1082
648-0.jpg,234
72-0.jpg,770
527-0.jpg,925
1258-0.jpg,172
1389-0.jpg,480
1968-0.jpg,6
1388-0.jpg,401
1684-0.jpg,526
1022-0.jpg,726
1861-0.jpg,1666
1067-0.jpg,1494
1824-0.jpg,384
1562-0.jpg,609
818-0.jpg,256
228-0.jpg,1247
780-0.jpg,527
583-0.jpg,160
416-0.jpg,134
1242-0.jpg,626
733-0.jpg,993
2010-0.jpg,931
776-0.jpg,606
1352-0.jpg,793
1556-0.jpg,338
1981-0.jpg,666
5-0.jpg,1334
1513-0.jpg,1013
1525-0.jpg,0
728-0.jpg,1119
103-0.jpg,1668
51-0.jpg,0
112-0.jpg,1667
14-0.jpg,860
735-0.jpg,979
519-0.jpg,129
1286-0.jpg,529
1612-0.jpg,564
247-0.jpg,1068
1094-0.jpg,1029
586-0.jpg,217
1681-0.jpg,677
1482-0.jpg,805
2003-0.jpg,1388
98-0.jpg,1667
1069-0.jpg,1477
1939-0.jpg,880
230-0.jpg,1304
1831-0.jpg,739
91-0.jpg,1606
186-0.jpg,1411
557-0.jpg,357
512-0.jpg,573
1904-0.jpg,117
1147-0.jpg,316
1102-0.jpg,865
1648-0.jpg,1552
794-0.jpg,392
639-0.jpg,446
656-0.jpg,817
1297-0.jpg,823
29-0.jpg,168
613-0.jpg,206
1033-0.jpg,197
1697-0.jpg,128
1246-0.jpg,528
383-0.jpg,364
825-0.jpg,163
1273-0.jpg,164
1932-0.jpg,1251
1433-0.jpg,1152
1894-0.jpg,283
1476-0.jpg,626
1279-0.jpg,328
1193-0.jpg,1522
322-0.jpg,525
367-0.jpg,345
132-0.jpg,1502
711-0.jpg,1188
1819-0.jpg,94
1380-0.jpg,86
672-0.jpg,1649
1196-0.jpg,1676
694-0.jpg,1320
637-0.jpg,664
48-0.jpg,1
1806-0.jpg,0
1262-0.jpg,50
1227-0.jpg,1087
1014-0.jpg,972
1663-0.jpg,1618
1065-0.jpg,1582
152-0.jpg,1176
125-0.jpg,1333
197-0.jpg,1089
573-0.jpg,1356
536-0.jpg,1336
1920-0.jpg,1174
1163-0.jpg,757
1965-0.jpg,22
1126-0.jpg,247
422-0.jpg,266
414-0.jpg,92
1878-0.jpg,1250
1985-0.jpg,940
404-0.jpg,176
1470-0.jpg,389
1374-0.jpg,121
792-0.jpg,435
213-0.jpg,863
30-0.jpg,102
1157-0.jpg,627
343-0.jpg,553
1753-0.jpg,690
1382-0.jpg,168
1185-0.jpg,1247
1024-0.jpg,660
1050-0.jpg,1030
727-0.jpg,1119
587-0.jpg,402
844-0.jpg,865
1346-0.jpg,998
493-0.jpg,1024
1885-0.jpg,783
1083-0.jpg,1254
1452-0.jpg,183
1077-0.jpg,1376
823-0.jpg,162
22-0.jpg,470
1793-0.jpg,0
524-0.jpg,578
717-0.jpg,1126
409-0.jpg,58
25-0.jpg,323
752-0.jpg,806
173-0.jpg,1464
1845-0.jpg,1405
1043-0.jpg,412
1800-0.jpg,0
1492-0.jpg,1149
1835-0.jpg,909
707-0.jpg,1193
453-0.jpg,87
195-0.jpg,1155
19-0.jpg,594
1152-0.jpg,481
1727-0.jpg,1553
1229-0.jpg,1020
1535-0.jpg,0
177-0.jpg,1580
1958-0.jpg,344
706-0.jpg,1193
1601-0.jpg,1006
749-0.jpg,837
4-0.jpg,1358
88-0.jpg,1411
1449-0.jpg,290
75-0.jpg,866
1106-0.jpg,780
121-0.jpg,1511
192-0.jpg,1241
1572-0.jpg,1097
1017-0.jpg,854
1537-0.jpg,5
1751-0.jpg,677
162-0.jpg,1083
127-0.jpg,1320
1396-0.jpg,790
1315-0.jpg,1386
339-0.jpg,475
703-0.jpg,1208
1729-0.jpg,1653
1857-0.jpg,1664
63-0.jpg,386
1041-0.jpg,273
1802-0.jpg,0
84-0.jpg,1273
1569-0.jpg,921
1680-0.jpg,717
288-0.jpg,805
1129-0.jpg,166
1428-0.jpg,1357
1305-0.jpg,1070
1502-0.jpg,1606
1791-0.jpg,0
754-0.jpg,752
1469-0.jpg,374
715-0.jpg,1185
381-0.jpg,295
1570-0.jpg,1000
160-0.jpg,1047
1500-0.jpg,1507
77-0.jpg,944
608-0.jpg,321
32-0.jpg,30
1671-0.jpg,1216
1956-0.jpg,459
1797-0.jpg,0
1634-0.jpg,694
1909-0.jpg,431
1698-0.jpg,137
724-0.jpg,1110
261-0.jpg,740
133-0.jpg,1512
509-0.jpg,269
525-0.jpg,688
1504-0.jpg,1677
1095-0.jpg,989
1119-0.jpg,444
1661-0.jpg,1660
1104-0.jpg,819
1609-0.jpg,728
222-0.jpg,1075
219-0.jpg,1003
1937-0.jpg,969
421-0.jpg,227
680-0.jpg,1406
534-0.jpg,1469
1922-0.jpg,1295
1161-0.jpg,717
1627-0.jpg,275
1508-0.jpg,1368
1484-0.jpg,857
118-0.jpg,1629
1817-0.jpg,1
2004-0.jpg,1375
635-0.jpg,811
1260-0.jpg,99
846-0.jpg,1116
99-0.jpg,1671
803-0.jpg,366
491-0.jpg,1119
1887-0.jpg,668
1693-0.jpg,71
1564-0.jpg,707
1415-0.jpg,1401
1359-0.jpg,613
1081-0.jpg,1290
1799-0.jpg,0
1338-0.jpg,1289
518-0.jpg,19
1489-0.jpg,1059
304-0.jpg,969
790-0.jpg,507
1714-0.jpg,891
1924-0.jpg,1403
659-0.jpg,1087
1188-0.jpg,1347
1168-0.jpg,726
1464-0.jpg,198
236-0.jpg,1368
429-0.jpg,397
654-0.jpg,641
285-0.jpg,723
611-0.jpg,18
1291-0.jpg,670
1642-0.jpg,1170
562-0.jpg,452
1695-0.jpg,0
1174-0.jpg,869
1244-0.jpg,585
1329-0.jpg,1555
291-0.jpg,879
606-0.jpg,510
179-0.jpg,1643
1709-0.jpg,604
184-0.jpg,1483
555-0.jpg,610
1145-0.jpg,261
1594-0.jpg,1292
309-0.jpg,830
1943-0.jpg,697
1100-0.jpg,906
93-0.jpg,1666
1371-0.jpg,224
278-0.jpg,550
1058-0.jpg,1504
21-0.jpg,487
448-0.jpg,216
363-0.jpg,456
320-0.jpg,580
365-0.jpg,382
1854-0.jpg,1667
333-0.jpg,374
1775-0.jpg,18
584-0.jpg,27
1788-0.jpg,0
783-0.jpg,515
647-0.jpg,48
1334-0.jpg,1375
398-0.jpg,331
1543-0.jpg,6
827-0.jpg,155
1431-0.jpg,1245
1474-0.jpg,552
1321-0.jpg,1607
1364-0.jpg,482
731-0.jpg,1005
1822-0.jpg,300
619-0.jpg,1071
2012-0.jpg,797
774-0.jpg,615
1054-0.jpg,1283
1098-0.jpg,950
1312-0.jpg,1305
1020-0.jpg,763
1863-0.jpg,1668
1826-0.jpg,490
212-0.jpg,838
430-0.jpg,332
82-0.jpg,1178
1332-0.jpg,1448
789-0.jpg,509
8-0.jpg,1184
1399-0.jpg,929
1748-0.jpg,774
568-0.jpg,1300
1584-0.jpg,1673
1178-0.jpg,999
1655-0.jpg,1665
1284-0.jpg,467
1115-0.jpg,528
245-0.jpg,1118
420-0.jpg,221
200-0.jpg,994
53-0.jpg,3
18-0.jpg,595
669-0.jpg,1665
1795-0.jpg,0
1195-0.jpg,1644
1541-0.jpg,4
1554-0.jpg,263
497-0.jpg,820
1983-0.jpg,817
1511-0.jpg,1158
595-0.jpg,1517
101-0.jpg,1668
1856-0.jpg,1665
1318-0.jpg,1482
108-0.jpg,1668
708-0.jpg,1189
564-0.jpg,754
1019-0.jpg,785
324-0.jpg,474
833-0.jpg,141
1734-0.jpg,1530
1771-0.jpg,171
180-0.jpg,1673
396-0.jpg,396
551-0.jpg,330
514-0.jpg,464
1902-0.jpg,6
1141-0.jpg,77
1590-0.jpg,1418
1947-0.jpg,595
1580-0.jpg,1539
1629-0.jpg,367
257-0.jpg,844
626-0.jpg,1504
1931-0.jpg,1317
97-0.jpg,1673
239-0.jpg,1231
544-0.jpg,429
650-0.jpg,356
615-0.jpg,464
1552-0.jpg,186
1691-0.jpg,170
1240-0.jpg,695
1545-0.jpg,4
1205-0.jpg,1570
1528-0.jpg,0
1867-0.jpg,1664
138-0.jpg,1611
57-0.jpg,151
816-0.jpg,260
1028-0.jpg,377
274-0.jpg,450
12-0.jpg,969
1743-0.jpg,977
2006-0.jpg,1215
438-0.jpg,78
1550-0.jpg,120
1987-0.jpg,1062
1515-0.jpg,834
591-0.jpg,931
105-0.jpg,1667
529-0.jpg,1116
830-0.jpg,148
1139-0.jpg,25
1165-0.jpg,814
1651-0.jpg,1666
1405-0.jpg,1176
1280-0.jpg,372
1614-0.jpg,467
690-0.jpg,1314
241-0.jpg,1196
1325-0.jpg,1679
204-0.jpg,889
1911-0.jpg,556
1061-0.jpg,1679
210-0.jpg,790
434-0.jpg,201
471-0.jpg,682
319-0.jpg,598
624-0.jpg,1653
129-0.jpg,1370
1048-0.jpg,878
1114-0.jpg,548
1360-0.jpg,579
2016-0.jpg,542
1506-0.jpg,1590
1408-0.jpg,1226
1136-0.jpg,0
1675-0.jpg,1000
1630-0.jpg,483
220-0.jpg,1012
1068-0.jpg,1477
406-0.jpg,130
199-0.jpg,1027
214-0.jpg,877
1589-0.jpg,1480
1154-0.jpg,516
684-0.jpg,1395
1574-0.jpg,1200
164-0.jpg,1150
298-0.jpg,1068
643-0.jpg,139
232-0.jpg,1359
1702-0.jpg,314
1301-0.jpg,985
1344-0.jpg,1042
196-0.jpg,1151
10-0.jpg,1069
40-0.jpg,0
356-0.jpg,676
385-0.jpg,424
378-0.jpg,180
1954-0.jpg,594
1768-0.jpg,275
256-0.jpg,863
1843-0.jpg,1292
1445-0.jpg,505
154-0.jpg,1143
1294-0.jpg,727
1997-0.jpg,1608
410-0.jpg,16
1875-0.jpg,1399
455-0.jpg,22
1390-0.jpg,523
296-0.jpg,1021
345-0.jpg,607
329-0.jpg,324
1755-0.jpg,736
1384-0.jpg,248
1078-0.jpg,1341
842-0.jpg,744
495-0.jpg,871
1883-0.jpg,908
1411-0.jpg,1256
1085-0.jpg,1204
1454-0.jpg,59
81-0.jpg,1127
1379-0.jpg,10
1598-0.jpg,1124
1172-0.jpg,795
769-0.jpg,638
581-0.jpg,383
756-0.jpg,742
1120-0.jpg,444
763-0.jpg,735
1198-0.jpg,1679
588-0.jpg,549
159-0.jpg,1023
674-0.jpg,1596
631-0.jpg,1153
1183-0.jpg,1161
1221-0.jpg,1251
1299-0.jpg,887
258-0.jpg,823
689-0.jpg,1370
1063-0.jpg,1610
530-0.jpg,1225
1926-0.jpg,1534
831-0.jpg,150
243-0.jpg,1160
1963-0.jpg,80
1335-0.jpg,1375
1602-0.jpg,989
1605-0.jpg,854
1990-0.jpg,1206
1087-0.jpg,1200
1456-0.jpg,0
1829-0.jpg,608
1839-0.jpg,1116
1813-0.jpg,0
352-0.jpg,808
353-0.jpg,803
347-0.jpg,671
1386-0.jpg,347
1849-0.jpg,1590
273-0.jpg,438
532-0.jpg,1371
1167-0.jpg,746
1961-0.jpg,179
1122-0.jpg,353
1175-0.jpg,907
676-0.jpg,1425
1971-0.jpg,95
633-0.jpg,947
1581-0.jpg,1586
401-0.jpg,264
617-0.jpg,744
1266-0.jpg,0
1223-0.jpg,1211
1257-0.jpg,185
1706-0.jpg,493
60-0.jpg,297
837-0.jpg,307
447-0.jpg,163
71-0.jpg,718
289-0.jpg,813
209-0.jpg,782
664-0.jpg,1569
1812-0.jpg,0
1576-0.jpg,1286
1314-0.jpg,1386
702-0.jpg,1260
7-0.jpg,1197
166-0.jpg,1193
123-0.jpg,1434
1919-0.jpg,1099
326-0.jpg,417
1767-0.jpg,349
620-0.jpg,1229
1916-0.jpg,915
27-0.jpg,251
1677-0.jpg,894
267-0.jpg,608
1047-0.jpg,746
1804-0.jpg,0
1815-0.jpg,2
1496-0.jpg,1315
294-0.jpg,981
457-0.jpg,2
1292-0.jpg,712
851-0.jpg,1480
1869-0.jpg,1664
2030-0.jpg,1482
1478-0.jpg,701
848-0.jpg,1224
387-0.jpg,503
206-0.jpg,837
838-0.jpg,405
811-0.jpg,265
369-0.jpg,310
692-0.jpg,1315
1110-0.jpg,665
372-0.jpg,267
293-0.jpg,921
1232-0.jpg,921
1177-0.jpg,961
467-0.jpg,372
1978-0.jpg,490
328-0.jpg,350
1441-0.jpg,741
1558-0.jpg,445
1517-0.jpg,648
142-0.jpg,1447
107-0.jpg,1668
1933-0.jpg,1196
55-0.jpg,69
254-0.jpg,907
1739-0.jpg,1151
559-0.jpg,68
1-0.jpg,1358
1327-0.jpg,1661
772-0.jpg,629
1607-0.jpg,799
1865-0.jpg,1668
1463-0.jpg,173
798-0.jpg,368
546-0.jpg,150
1736-0.jpg,1383
1773-0.jpg,98
1465-0.jpg,232
1255-0.jpg,253
1858-0.jpg,1670
464-0.jpg,169
660-0.jpg,1237
1437-0.jpg,970
1472-0.jpg,469
388-0.jpg,519
767-0.jpg,651
61-0.jpg,303
2029-0.jpg,1481
580-0.jpg,531
652-0.jpg,551
68-0.jpg,596
645-0.jpg,0
1207-0.jpg,1564
370-0.jpg,304
403-0.jpg,209
1230-0.jpg,999
95-0.jpg,1659
423-0.jpg,274
553-0.jpg,513
625-0.jpg,1605
1143-0.jpg,185
1592-0.jpg,1356
1945-0.jpg,584
500-0.jpg,573
442-0.jpg,7
407-0.jpg,104
1811-0.jpg,0
1483-0.jpg,856
229-0.jpg,1265
1130-0.jpg,145
1289-0.jpg,615
1720-0.jpg,1184
836-0.jpg,150
743-0.jpg,859
135-0.jpg,1583
392-0.jpg,532
623-0.jpg,1635
1353-0.jpg,774
723-0.jpg,1109
1972-0.jpg,129
1316-0.jpg,1437
505-0.jpg,132
2001-0.jpg,1500
1872-0.jpg,1560
1211-0.jpg,1479
393-0.jpg,486
1351-0.jpg,795
1425-0.jpg,1508
1563-0.jpg,684
1949-0.jpg,639
194-0.jpg,1188
237-0.jpg,1304
272-0.jpg,452
1662-0.jpg,1654
1137-0.jpg,0
1974-0.jpg,232
1723-0.jpg,1325
479-0.jpg,1423
1718-0.jpg,1090
1134-0.jpg,11
1583-0.jpg,1675
646-0.jpg,6
663-0.jpg,1532
1565-0.jpg,761
374-0.jpg,200
79-0.jpg,1034
2018-0.jpg,657
1403-0.jpg,1113
1092-0.jpg,1104
810-0.jpg,271
1970-0.jpg,54
1855-0.jpg,1667
1113-0.jpg,608
1950-0.jpg,680
1331-0.jpg,1492
1742-0.jpg,1031
1176-0.jpg,909
317-0.jpg,655
1212-0.jpg,1439
602-0.jpg,1005
251-0.jpg,977
1930-0.jpg,1427
1394-0.jpg,697
1915-0.jpg,791
503-0.jpg,341
427-0.jpg,357
1194-0.jpg,1586
1766-0.jpg,358
486-0.jpg,1528
1275-0.jpg,232
376-0.jpg,138
2026-0.jpg,1293
1148-0.jpg,405
1808-0.jpg,0
1579-0.jpg,1474
1422-0.jpg,1651
834-0.jpg,121
1705-0.jpg,403
371-0.jpg,271
558-0.jpg,233
78-0.jpg,1013
1809-0.jpg,0
1973-0.jpg,172
722-0.jpg,1109
812-0.jpg,265
1440-0.jpg,757
466-0.jpg,359
1076-0.jpg,1379
1870-0.jpg,1663
440-0.jpg,25
1778-0.jpg,0
1644-0.jpg,1304
1603-0.jpg,932
1928-0.jpg,1618
1128-0.jpg,212
787-0.jpg,510
786-0.jpg,511
157-0.jpg,1048
1461-0.jpg,104
402-0.jpg,216
760-0.jpg,739
1759-0.jpg,753
1053-0.jpg,1150
720-0.jpg,1104
1647-0.jpg,1452
1375-0.jpg,70
1330-0.jpg,1550
1231-0.jpg,954
1458-0.jpg,17
1089-0.jpg,1140
1376-0.jpg,49
499-0.jpg,597
337-0.jpg,442
1268-0.jpg,52
42-0.jpg,1
155-0.jpg,1114
781-0.jpg,519
1169-0.jpg,726
1350-0.jpg,856
579-0.jpg,660
211-0.jpg,816
685-0.jpg,1395
627-0.jpg,1447
1111-0.jpg,631
1952-0.jpg,729
1368-0.jpg,322
1585-0.jpg,1673
501-0.jpg,461
58-0.jpg,214
1679-0.jpg,804
20-0.jpg,530
1507-0.jpg,1516
1913-0.jpg,674
1810-0.jpg,0
168-0.jpg,1258
547-0.jpg,27
1090-0.jpg,1108
565-0.jpg,913
389-0.jpg,559
758-0.jpg,736
1348-0.jpg,940
1934-0.jpg,1127
1540-0.jpg,3
1721-0.jpg,1226
808-0.jpg,274
1658-0.jpg,1666
109-0.jpg,1666
375-0.jpg,159
1519-0.jpg,466
1544-0.jpg,2
1271-0.jpg,122
1171-0.jpg,744
1253-0.jpg,306
661-0.jpg,1348
1051-0.jpg,1035
208-0.jpg,775
1135-0.jpg,0
1976-0.jpg,359
1170-0.jpg,726
1108-0.jpg,720
1740-0.jpg,1119
1391-0.jpg,572
350-0.jpg,769
622-0.jpg,1529
268-0.jpg,574
480-0.jpg,1527
1929-0.jpg,1479
444-0.jpg,83
1462-0.jpg,129
1561-0.jpg,603
1439-0.jpg,865
400-0.jpg,270
741-0.jpg,913
1310-0.jpg,1224
390-0.jpg,587
1780-0.jpg,0
1288-0.jpg,599
1779-0.jpg,0
1738-0.jpg,1259
462-0.jpg,11
782-0.jpg,518
1481-0.jpg,791
235-0.jpg,1400
270-0.jpg,514
1625-0.jpg,130
1660-0.jpg,1666
1524-0.jpg,77
1191-0.jpg,1447
563-0.jpg,617
66-0.jpg,522
419-0.jpg,191
1892-0.jpg,384
1400-0.jpg,946
539-0.jpg,1023
484-0.jpg,1546
1620-0.jpg,139
1687-0.jpg,351
778-0.jpg,582
1765-0.jpg,448
1744-0.jpg,970
1395-0.jpg,724
354-0.jpg,721
175-0.jpg,1528
1762-0.jpg,571
249-0.jpg,1018
698-0.jpg,1313
1659-0.jpg,1668
1969-0.jpg,47
1993-0.jpg,1409
521-0.jpg,322
599-0.jpg,1445
148-0.jpg,1271
458-0.jpg,30
1189-0.jpg,1391
67-0.jpg,544
665-0.jpg,1650
1402-0.jpg,1032
62-0.jpg,382
1781-0.jpg,0
1760-0.jpg,734
377-0.jpg,174
231-0.jpg,1313
761-0.jpg,737
149-0.jpg,1254
310-0.jpg,829
1370-0.jpg,226
2005-0.jpg,1262
1274-0.jpg,212
86-0.jpg,1345
1485-0.jpg,924
1438-0.jpg,869
747-0.jpg,845
2023-0.jpg,1104
394-0.jpg,483
700-0.jpg,1314
1276-0.jpg,265
1784-0.jpg,0
1355-0.jpg,714
681-0.jpg,1402
2022-0.jpg,973
46-0.jpg,1
682-0.jpg,1400
114-0.jpg,1591
151-0.jpg,1210
721-0.jpg,1107
1190-0.jpg,1435
2007-0.jpg,1117
1783-0.jpg,0
1072-0.jpg,1474
1132-0.jpg,87
6-0.jpg,1296
460-0.jpg,92
425-0.jpg,317
607-0.jpg,417
1035-0.jpg,111
308-0.jpg,876
1008-0.jpg,1164
1936-0.jpg,1019
1725-0.jpg,1430
1685-0.jpg,457
1908-0.jpg,364
1521-0.jpg,265
719-0.jpg,1106
1235-0.jpg,840
131-0.jpg,1441
1424-0.jpg,1527
1868-0.jpg,1664
832-0.jpg,148
397-0.jpg,368
111-0.jpg,1667
41-0.jpg,0
1251-0.jpg,350
290-0.jpg,861
799-0.jpg,366
746-0.jpg,849
1539-0.jpg,1
662-0.jpg,1407
1638-0.jpg,944
1012-0.jpg,1015
1426-0.jpg,1428
1877-0.jpg,1282
1763-0.jpg,558
1604-0.jpg,918
1252-0.jpg,350
190-0.jpg,1287
1724-0.jpg,1353
507-0.jpg,21
542-0.jpg,726
487-0.jpg,1444
1703-0.jpg,328
1030-0.jpg,287
292-0.jpg,916
582-0.jpg,280
1192-0.jpg,1513
1599-0.jpg,1082
217-0.jpg,954
2019-0.jpg,748
1213-0.jpg,1439
1427-0.jpg,1420
1874-0.jpg,1473
1560-0.jpg,524
726-0.jpg,1114
1373-0.jpg,132
276-0.jpg,506
1623-0.jpg,2
1666-0.jpg,1451
169-0.jpg,1295
1586-0.jpg,1590
601-0.jpg,1203
1328-0.jpg,1611
355-0.jpg,684
1848-0.jpg,1586
1522-0.jpg,244
1567-0.jpg,827
275-0.jpg,480
1249-0.jpg,435
446-0.jpg,145
1112-0.jpg,630
1056-0.jpg,1406
1487-0.jpg,996
1850-0.jpg,1670
1217-0.jpg,1354
439-0.jpg,32
1215-0.jpg,1386
1830-0.jpg,693
391-0.jpg,604
1397-0.jpg,819
313-0.jpg,739
1447-0.jpg,408
1277-0.jpg,294
667-0.jpg,1658
1133-0.jpg,44
523-0.jpg,468
3-0.jpg,1358
1953-0.jpg,720
1948-0.jpg,629
759-0.jpg,734
1798-0.jpg,0
1270-0.jpg,94
1995-0.jpg,1516
330-0.jpg,333
640-0.jpg,387
1446-0.jpg,442
1678-0.jpg,818
1356-0.jpg,675
1254-0.jpg,253
1643-0.jpg,1200
295-0.jpg,984
1407-0.jpg,1220
2000-0.jpg,1617
598-0.jpg,1601
1269-0.jpg,94
679-0.jpg,1403
1641-0.jpg,1069
255-0.jpg,892
1758-0.jpg,753
316-0.jpg,675
2002-0.jpg,1451
764-0.jpg,726
441-0.jpg,0
1459-0.jpg,30
498-0.jpg,695
172-0.jpg,1399
271-0.jpg,492
234-0.jpg,1402
170-0.jpg,1326
1722-0.jpg,1275
1208-0.jpg,1545
314-0.jpg,726
705-0.jpg,1200
85-0.jpg,1328
740-0.jpg,965
216-0.jpg,916
1333-0.jpg,1425
1741-0.jpg,1047
1719-0.jpg,1123
1897-0.jpg,56
1914-0.jpg,778
813-0.jpg,262
1518-0.jpg,570
1619-0.jpg,193
1444-0.jpg,523
561-0.jpg,274
1895-0.jpg,195
1093-0.jpg,1062
502-0.jpg,405
47-0.jpg,0
1816-0.jpg,0
1975-0.jpg,269
1369-0.jpg,284
1272-0.jpg,153
1237-0.jpg,782
1034-0.jpg,184
1726-0.jpg,1494
701-0.jpg,1307
461-0.jpg,73
1317-0.jpg,1462
1951-0.jpg,694
686-0.jpg,1393
128-0.jpg,1349
113-0.jpg,1637
1197-0.jpg,1679
1055-0.jpg,1285
784-0.jpg,511
817-0.jpg,259
766-0.jpg,666
1228-0.jpg,1077
1479-0.jpg,725
1032-0.jpg,240
506-0.jpg,58
638-0.jpg,562
1423-0.jpg,1629
835-0.jpg,66
744-0.jpg,856
1036-0.jpg,89
39-0.jpg,0
1010-0.jpg,1048
1250-0.jpg,378
426-0.jpg,352
463-0.jpg,83
1151-0.jpg,439
1372-0.jpg,180
117-0.jpg,1620
45-0.jpg,1
1606-0.jpg,841
87-0.jpg,1408
1582-0.jpg,1660
424-0.jpg,308
1057-0.jpg,1421
1233-0.jpg,916
1787-0.jpg,0
395-0.jpg,412
779-0.jpg,531
1814-0.jpg,0
621-0.jpg,1355
699-0.jpg,1314
26-0.jpg,264
541-0.jpg,789
150-0.jpg,1211
1745-0.jpg,893
189-0.jpg,1331
248-0.jpg,1026
520-0.jpg,248
485-0.jpg,1601
1418-0.jpg,1580
1957-0.jpg,431
